﻿<?xml version="1.0" encoding="utf-8"?>
<ImportExportXml xmlns:xsi="http://www.w3.org/2001/XMLSchema-instance">
  <Entities />
  <Roles />
  <Workflows />
  <FieldSecurityProfiles />
  <Templates />
  <EntityMaps />
  <EntityRelationships />
  <OrganizationSettings />
  <optionsets />
  <CustomControls />
  <ClientExtensions>
    <ClientExtension>
      <ClientExtensionId>{dct12345-1234-1234-1234-123456789abc}</ClientExtensionId>
      <Name>dct_/TreeView/bundle.js</Name>
      <DisplayName>TreeView Control</DisplayName>
      <Description>Hierarchical tree view control with selection support</Description>
      <Version>1.0.0</Version>
      <IsCustomizable>1</IsCustomizable>
      <IntroducedVersion>1.0.0.0</IntroducedVersion>
      <IsHidden>0</IsHidden>
    </ClientExtension>
  </ClientExtensions>
  <SolutionPluginAssemblies />
  <EntityDataProviders />
  <Languages>
    <Language>1033</Language>
  </Languages>
</ImportExportXml>